model_1,model_2,rate_1,rate_2,diff,z_stat,p_value_raw,p_value_bonf,significant_bonf,chi2,chi2_p_raw,n1,n2,alpha_bonf
Claude Haiku 4.5,GPT-5 Mini,0.6791304347826087,0.8173913043478261,-0.13826086956521744,-4.18570739987504,2.8427936048958102e-05,8.528380814687431e-05,True,16.865245983141623,4.012967475737181e-05,1150,230,0.016666666666666666
Claude Haiku 4.5,Gemini 3 Flash,0.6791304347826087,0.12065217391304348,0.5584782608695652,25.496420125320213,0.0,0.0,True,647.792046901528,6.749921244716169e-143,1150,920,0.016666666666666666
GPT-5 Mini,Gemini 3 Flash,0.8173913043478261,0.12065217391304348,0.6967391304347826,21.546492365883417,0.0,0.0,True,460.63708984904645,3.493411287338318e-102,230,920,0.016666666666666666
